Rótulos de Linha;Comprador Cotação;Requisicao;Item RC;Pedido;Descrição Material;Dt Criação RC;Status Geral;Qtde RC;Chegou?;Foi Retirado?;Cobrado via Email?;Obs:;Chave
André Queiroz;André Queiroz;16430051;20;4500751385;ADESIVO RESINA EPOXI 16G;20/02/2026;Escrituração Realizada;10;;;;;1643005120
Beatriz Serafim;Beatriz Serafim;16421260;20;4500716344;ADESIVO RESINA EPOXI 16G;02/01/2026;Escrituração Realizada;10;SIm;SIm;;;1642126020
Edney Jean;(vazio);16411558;10;4500645222;ALICATE AMPERIMETRO DIGITAL 20/200/1000A;31/10/2025;Escrituração Realizada;7;SIm;SIm;;;1641155810
Luciara Oliveira;Luciara Oliveira;16362199;2130;4500437805;ANEL BORR ABF FLANGE FOFO DN100MM;02/01/2025;Escrituração Realizada;2;SIm;SIm;;;163621992130
Luciara Oliveira;Luciara Oliveira;16362199;500;4500437805;ANEL BORR ABF FLANGE FOFO DN100MM;02/01/2025;Escrituração Realizada;2;SIm;SIm;;;16362199500
Luciara Oliveira;Luciara Oliveira;16404745;100;4500619102;BARRA ROSCADA AC 1020 1/2POL UNC 1M;22/09/2025;Escrituração Realizada;10;;;;;16404745100
Victor L. Lopes;Victor L. Lopes;16378221;10;4500509387;BASTAO RESGATE FIBRA VID 34,5KV 2,28M;07/04/2025;PC - em Aprovação;4;;;;;1637822110
Amanda Oliva;(vazio);16411558;20;4500645232;BATERIA ALCAL RECARREGAVEL 9V 250MAH;31/10/2025;Escrituração Realizada;20;SIm;SIm;;;1641155820
(vazio);Fernando Gonçalo;16432776;40;(vazio);BOMBA MANUAL GRAX 12G 7KG;09/03/2026;Cotação - em Negociação;10;;;;;1643277640
(vazio);(vazio);16394075;10;(vazio);BOMBA MANUAL GRAX 12G 7KG;17/07/2025;Requisição - Item Concluído;10;Não ;Não ;;CANCELADO;1639407510
(vazio);(vazio);16447769;10;(vazio);BUCHA REDUCAO GALV 2.1/2X2;26/05/2026;Cotação a agregar;10;;;;;1644776910
(vazio);(vazio);16437339;20;(vazio);CABO COB PP 1KV 4X16MM2 PT;01/04/2026;Cotação a agregar;100;;;;;1643733920
(vazio);(vazio);16437339;30;(vazio);CABO COB PP 1KV 4X4MM2 PT;01/04/2026;Cotação a agregar;100;;;;;1643733930
(vazio);(vazio);16437339;40;(vazio);CABO COB PP 750V4X10MM2 PT;01/04/2026;Cotação a agregar;200;;;;;1643733940
Edney Jean;(vazio);16404745;160;4500612934;CABO ELET FLEX 750V 1MM2 CZ;22/09/2025;Escrituração Realizada;600;SIm;SIm;;;16404745160
Edney Jean;(vazio);16404745;150;4500612934;CABO ELET FLEX 750V 1MM2 PT;22/09/2025;Escrituração Realizada;600;SIm;SIm;;;16404745150
(vazio);Robson Ferreira;16437339;10;(vazio);CABO ELET PP 450 / 750 V 4 X 6MM2;01/04/2026;Cotação - em Negociação;100;;;;Feito a validação 1.6;1643733910
Edson Sanchez;Edson Sanchez;16426739;300;4500783774;CABO ELET PP 450 / 750 V 4 X 6MM2;03/02/2026;Aguardando emissão NF;100;SIM;;;;16426739300
Edson Sanchez;Edson Sanchez;16426739;280;4500783774;CABO ELET PP 450/750V4 X 25MM2 PT;03/02/2026;Aguardando emissão NF;100;SIM;;;;16426739280
Victor L. Lopes;Victor L. Lopes;16440116;640;4500842888;CALCA MANUT OPER BRIM CED RIP ST AZM GG;17/04/2026;PC - em Aprovação;18;;;;;16440116640
Victor L. Lopes;Victor L. Lopes;16440116;650;4500842888;CALCA MANUT OPER BRIM CED RIP ST AZM XG;17/04/2026;PC - em Aprovação;15;;;;;16440116650
Victor L. Lopes;Victor L. Lopes;16440116;660;4500842888;CALCA MANUT OPER BRIM CED RIP STOP AZM G;17/04/2026;PC - em Aprovação;18;;;;;16440116660
Victor L. Lopes;Victor L. Lopes;16440116;670;4500842888;CALCA MANUT OPER BRIM CED RIP STOP AZM M;17/04/2026;PC - em Aprovação;11;;;;;16440116670
Victor L. Lopes;Victor L. Lopes;16440116;680;4500842888;CALCA MANUT OPER BRIM CED RIP STOP AZM P;17/04/2026;PC - em Aprovação;9;;;;;16440116680
Victor L. Lopes;Victor L. Lopes;16440116;690;4500842888;CALCA MANUT OPER BRIM CEDR RIP AZM XXXG;17/04/2026;PC - em Aprovação;11;;;;;16440116690
(vazio);Victor L. Lopes;16440116;700;(vazio);CAMISA UNIF TERM/OP UNIS PES AZ ML GG;17/04/2026;Cotação - em Negociação;18;;;;;16440116700
(vazio);Victor L. Lopes;16440116;710;(vazio);CAMISA UNIF TERM/OP UNIS PES AZ ML TAM G;17/04/2026;Cotação - em Negociação;18;;;;;16440116710
(vazio);Victor L. Lopes;16440116;720;(vazio);CAMISA UNIF TERM/OP UNIS PES AZ ML TAM M;17/04/2026;Cotação - em Negociação;11;;;;;16440116720
(vazio);Victor L. Lopes;16440116;730;(vazio);CAMISA UNIF TERM/OP UNIS PES AZ ML TAM P;17/04/2026;Cotação - em Negociação;9;;;;;16440116730
(vazio);Victor L. Lopes;16440116;740;(vazio);CAMISA UNIF TERM/OP UNIS PES AZ ML XG;17/04/2026;Cotação - em Negociação;15;;;;;16440116740
(vazio);(vazio);16440116;750;(vazio);CAMISA UNIF TERM/OP UNIS PES AZ ML XXXG;17/04/2026;Cotação a agregar;11;;;;;16440116750
Jocilene Ramos;Jocilene Ramos;16432794;30;4500779173;CARREGADOR PILHA/BAT 2BAT 12V 110/220V;09/03/2026;Escrituração Realizada;2;Sim;Sim;Sim;;1643279430
Luciara Oliveira;Luciara Oliveira;16426739;310;4500748195;CHAVE COMBINADA 15º-10º 34MM;03/02/2026;Escrituração Realizada;3;Sim;não;;;16426739310
Sandra Cardoso;Sandra Cardoso;16401510;10;4500595429;CHAVE COMBINADA 15º-10º 36MM;02/09/2025;Aguardando emissão NF;3;SIm;Não ;;;1640151010
Edney Jean;(vazio);16442320;20;4500814842;CHAVE COMBINADA JG 15PC 6-32MM;29/04/2026;Aguardando emissão NF;10;#N/D;#N/D;#N/D;#N/D;1644232020
Edney Jean;(vazio);16432794;10;4500775130;CINTA CARGA OLHAL 7:1 3T 4M AM;09/03/2026;Aguardando emissão NF;10;;;;;1643279410
Beatriz Serafim;Beatriz Serafim;16442320;10;4500827969;COLA MULTIUSO SPRAY 330G;29/04/2026;Aguardando emissão NF;16;#N/D;#N/D;#N/D;#N/D;1644232010
Edney Jean;(vazio);16425056;90;4500721455;CONECTOR DERIV PERF 16-150MM2;23/01/2026;Aguardando emissão NF;40;Aguardando;;;;1642505690
(vazio);(vazio);16425056;80;(vazio);CONECTOR DERIV PERF 50-240MM2;23/01/2026;Requisição - Item Concluído;40;;;;;1642505680
Luciana Venturi;Luciana Venturi;16438858;10;4500835856;CONECTOR DERIV PERF 50-240MM2;10/04/2026;Aguardando emissão NF;40;;;;;1643885810
(vazio);(vazio);16447897;10;(vazio);DESENGRAXANTE LIQ 5L;27/05/2026;Cotação a agregar;25;#N/D;#N/D;#N/D;#N/D;1644789710
(vazio);(vazio);16401510;20;(vazio);DESENGRIPANTE LIQ AM SPR 300ML;02/09/2025;Requisição - Item Concluído;30;Não ;Não ;;CANCELADO;1640151020
Edney Jean;(vazio);16426739;290;4500737679;DISCO CORTE S/REV 115MM 22,22MM 1MM META;03/02/2026;Aguardando emissão NF;50;;;;;16426739290
Edney Jean;(vazio);16429989;130;4500760489;DISJUNTOR MINI 3P 220/380VCA 80A;20/02/2026;Escrituração Realizada;10;Sim;Sim;;;16429989130
(vazio);Robson Ferreira;16429989;60;(vazio);DISJUNTOR MINI 3P 220VCA 100A;20/02/2026;Cotação - em Negociação;5;;;;;1642998960
(vazio);Robson Ferreira;16429989;50;(vazio);DISJUNTOR MINI 3P 380V 63A 54MM;20/02/2026;Cotação - em Negociação;20;;;;;1642998950
Edney Jean;(vazio);16429989;150;4500760494;DISJUNTOR MINI 3P 400VCA 25A;20/02/2026;Escrituração Realizada;10;Sim;;;;16429989150
Edney Jean;(vazio);16429989;10;4500760506;DISJUNTOR MINI 3P 400VCA 32A;20/02/2026;Aguardando emissão NF;10;;;;;1642998910
Edson Sanchez;Edson Sanchez;16429989;30;4500816459;DISJUNTOR MINI 3P 400VCA 40A;20/02/2026;PC - em Aprovação;10;;;;;1642998930
(vazio);Robson Ferreira;16429989;20;(vazio);DISJUNTOR MINI 3P 400VCA 50A;20/02/2026;Cotação - em Negociação;10;;;;;1642998920
Edney Jean;(vazio);16429989;40;4500760680;DISJUNTOR MINI 3P 400VCA 70A;20/02/2026;Escrituração Realizada;15;Sim;Sim;;;1642998940
Edney Jean;(vazio);16429989;140;4500760680;DISJUNTOR TM 3P 400VCA 20A;20/02/2026;Escrituração Realizada;10;Sim;;;;16429989140
Marcilene Carvalho;Marcilene Carvalho;16404745;60;4500620545;ELEMENTO ELASTICO E-128 VULKAN;22/09/2025;Aguardando emissão NF;4;SIm;SIm;;;1640474560
Marcilene Carvalho;Marcilene Carvalho;16404745;80;4500620545;ELEMENTO ELASTICO E-148 VULKAN;22/09/2025;Aguardando emissão NF;2;SIm;SIm;;;1640474580
Marcilene Carvalho;Marcilene Carvalho;16404745;70;4500620545;ELEMENTO ELASTICO GE112 VULKAN;22/09/2025;Aguardando emissão NF;2;SIm;SIm;;;1640474570
Sandra Cardoso;Sandra Cardoso;16404745;90;4500682923;ELETRODO NIVEL HASTE 3/4POL BSP DIGIMEC;22/09/2025;Aguardando emissão NF;20;;;;Valor excessivo;1640474590
Edney Jean;(vazio);16401860;30;4500594849;ELETRODO PENDULO PO POLIPROPILENO H;04/09/2025;Escrituração Realizada;30;SIm;SIm;;;1640186030
Sandra Cardoso;Sandra Cardoso;16394071;10;4500564848;ESCADA EXTENSIVEL 6 M;17/07/2025;Escrituração Realizada;2;SIm;SIm;;;1639407110
(vazio);Diego Rocha;16438863;70;(vazio);ESCADA EXTENSIVEL 6 M;10/04/2026;Cotação - em Negociação;2;;;;;1643886370
(vazio);(vazio);16429923;50;(vazio);FERRAMENTA ALINHAM POLIA 2,1MW;20/02/2026;Requisição - Item Eliminado;1;;;;;1642992350
Edney Jean;(vazio);16425056;10;4500721581;FITA ISOL PR 750V 19MM ROL 20M;23/01/2026;Escrituração Realizada;150;SIm;SIm;;;1642505610
Edney Jean;(vazio);16425056;20;4500721581;FITA ISOLANTE AUTOFUSAO PT 10M 19MM;23/01/2026;Escrituração Realizada;100;SIm;SIm;;;1642505620
Amanda Oliva;Amanda Oliva;16405989;20;4500629184;FITA ROTULADOR 12MM 8M 1UN;30/09/2025;Escrituração Realizada;5;SIm;SIm;;;1640598920
(vazio);Fernando Gonçalo;16429923;30;(vazio);FURADEIRA ELET IMP 3250RPM;20/02/2026;Cotação - em Negociação;1;;;;;1642992330
Edson Sanchez;Edson Sanchez;16429989;100;4500816459;FUSIVEL NH LAMINA 500V 100A;20/02/2026;PC - em Aprovação;10;;;;;16429989100
Edney Jean;(vazio);16429989;90;4500760680;FUSIVEL NH LAMINA 500V 80A;20/02/2026;Escrituração Realizada;10;;;;;1642998990
Edney Jean;(vazio);16429989;110;4500760504;FUSIVEL NH00 LAMINA 500V 160A;20/02/2026;Aguardando emissão NF;10;;;;;16429989110
Natasha Amancio;(vazio);16438836;140;4500828550;FUSIVEL NH01 ULTRA-RAPIDO 690V 200A AR;10/04/2026;Aguardando emissão NF;21;;;;;16438836140
(vazio);(vazio);16438836;150;(vazio);FUSIVEL NH01 ULTRA-RAPIDO 690V 63A AR;10/04/2026;Cotação a agregar;21;;;;;16438836150
(vazio);(vazio);16438836;160;(vazio);FUSIVEL NH02 ULTRA-RAPIDO 690V 250A AR;10/04/2026;Cotação a agregar;21;;;;;16438836160
Edney Jean;(vazio);16438836;20;4500814666;FUSIVEL ULTRA-RAPIDO 100A 690V 00;10/04/2026;Aguardando emissão NF;27;;;;;1643883620
(vazio);(vazio);16438836;30;(vazio);FUSIVEL ULTRA-RAPIDO 125A 690V 00;10/04/2026;Cotação a agregar;27;;;;;1643883630
(vazio);(vazio);16438836;40;(vazio);FUSIVEL ULTRA-RAPIDO 160A 100KVA;10/04/2026;Cotação a agregar;21;;;;;1643883640
Edney Jean;(vazio);16438836;50;4500814667;FUSIVEL ULTRA-RAPIDO 350A 690V;10/04/2026;Aguardando emissão NF;21;;;;;1643883650
(vazio);(vazio);16438836;60;(vazio);FUSIVEL ULTRA-RAPIDO 35A 690V 000;10/04/2026;Cotação a agregar;27;;;;;1643883660
Natasha Amancio;(vazio);16438836;70;4500828932;FUSIVEL ULTRA-RAPIDO 50A 690V 000;10/04/2026;Aguardando emissão NF;27;;;;;1643883670
Edney Jean;(vazio);16438836;80;4500814666;FUSIVEL ULTRA-RAPIDO 80A 690V 000;10/04/2026;Aguardando emissão NF;27;;;;;1643883680
(vazio);(vazio);16438836;90;(vazio);FUSIVEL ULTRA-RAPIDO NH-1 160A 690V;10/04/2026;Cotação a agregar;21;;;;;1643883690
Edney Jean;(vazio);16438836;100;4500814583;FUSIVEL ULTRA-RAPIDO NH2 315A 690V;10/04/2026;Aguardando emissão NF;21;;;;;16438836100
Edney Jean;(vazio);16438836;110;4500814581;FUSIVEL ULTRA-RAPIDO NH-2 630A 690V;10/04/2026;Aguardando emissão NF;21;;;;;16438836110
Edney Jean;(vazio);16438836;120;4500814598;FUSIVEL ULTRA-RAPIDO SITOR 40A 690V;10/04/2026;Aguardando emissão NF;21;;;;;16438836120
Edney Jean;(vazio);16438836;130;4500814598;FUSIVEL ULTRA-RAPIDO SITOR 63A 690V;10/04/2026;Aguardando emissão NF;21;;;;;16438836130
Amanda Oliva;(vazio);16438863;40;4500814863;GARRAFA TERMICA 5L;10/04/2026;Aguardando emissão NF;10;;;;;1643886340
(vazio);(vazio);16436749;10;(vazio);GARRAFA TERMICA 5L;30/03/2026;Requisição - Item Eliminado;1;;;;;1643674910
(vazio);(vazio);16401510;50;(vazio);GAXETA CORD QUAD 1/2POL;02/09/2025;Requisição - Item Concluído;1;Não ;Não ;;CANCELADO;1640151050
Luciana Venturi;Luciana Venturi;16438858;30;4500835846;GAXETA CORD QUAD 1/2POL;10/04/2026;Aguardando emissão NF;5;;;;;1643885830
(vazio);(vazio);16401510;60;(vazio);GAXETA CORDAO QUADR 5/8POL;02/09/2025;Requisição - Item Concluído;1;Não ;Não ;;CANCELADO;1640151060
Luciana Venturi;Luciana Venturi;16438858;40;4500835846;GAXETA CORDAO QUADR 5/8POL;10/04/2026;Aguardando emissão NF;5;;;;;1643885840
Luciana Venturi;Luciana Venturi;16438858;20;4500835852;GAXETA PTFE QUAD LUBRIF 9/16POL;10/04/2026;Aguardando emissão NF;5;;;;;1643885820
Luciara Oliveira;Luciara Oliveira;16428381;30;4500748185;GRAVADOR METAL ELETR 7100RPM 10W 127V;10/02/2026;Escrituração Realizada;2;SIm;SIm;;;1642838130
(vazio);Robson Ferreira;16436772;10;(vazio);INVERSOR FREQ TRI 75W 380/480V 140A;30/03/2026;Cotação - em Negociação;1;;;;;1643677210
Edney Jean;(vazio);16425056;100;4500737223;JG CHAVE FENDA SIMP CRUZ ISOL 1000V 7UN;23/01/2026;Escrituração Realizada;15;SIm;SIm;;;16425056100
Joaz Souza;Joaz Souza;16429923;40;4500771313;KIT FERRAM BITS/SOQUETES 43PCS;20/02/2026;Aguardando emissão NF;2;;;;;1642992340
Beatriz Serafim;Beatriz Serafim;16432794;60;4500782412;LENCOL BORR PT 2MM;09/03/2026;Escrituração Realizada;2;;;;;1643279460
Beatriz Serafim;Beatriz Serafim;16432794;70;4500782408;LENCOL BORR PT 3MM;09/03/2026;Aguardando emissão NF;5;;;;;1643279470
Beatriz Serafim;Beatriz Serafim;16432794;80;4500782412;LENCOL BORR PT 4MM;09/03/2026;Escrituração Realizada;5;;;;;1643279480
Edney Jean;(vazio);16432776;20;4500791420;LIMPA CONTATO LIQ TB SPR 300ML;09/03/2026;Escrituração Realizada;15;Sim;;;;1643277620
Marcilene Carvalho;Marcilene Carvalho;16404745;50;4500618537;LUVA ACOPLAMENTO 168MM;22/09/2025;Escrituração Realizada;4;SIm;SIm;;;1640474550
Marcilene Carvalho;Marcilene Carvalho;16404745;40;4500618537;LUVA ACOPLAMENTO 194MM;22/09/2025;Escrituração Realizada;4;SIm;SIm;;;1640474540
Marcilene Carvalho;Marcilene Carvalho;16404745;30;4500618537;LUVA ACOPLAMENTO 240MM;22/09/2025;Escrituração Realizada;2;SIm;SIm;;;1640474530
Edney Jean;(vazio);16426739;210;4500738264;LUVA PROT TERMICA AGENTES MEC 10/GG;03/02/2026;Escrituração Realizada;20;Sim;não;;;16426739210
Victor L. Lopes;Victor L. Lopes;16426739;200;4500779259;LUVA PROT TERMICA AGENTES MEC 11/XG;03/02/2026;Aguardando emissão NF;20;;;;;16426739200
Edney Jean;(vazio);16426739;220;4500738264;LUVA PROT TERMICA AGENTES MEC 9/G;03/02/2026;Escrituração Realizada;20;Sim;não;;;16426739220
Victor L. Lopes;Victor L. Lopes;16426739;150;4500779259;LUVA SEG PA PT TAM G;03/02/2026;Aguardando emissão NF;15;;;Sim;Hoje, dia 27.4, o comprador cobrou o fornecedor, pedido já tem NF;16426739150
Victor L. Lopes;Victor L. Lopes;16426739;160;4500779259;LUVA SEG PA PT TAM GG;03/02/2026;Aguardando emissão NF;15;;;Sim;Hoje, dia 27.4, o comprador cobrou o fornecedor, pedido já tem NF;16426739160
Victor L. Lopes;Victor L. Lopes;16426739;170;4500779259;LUVA SEG PA PT TAM M PT QUIM MEC;03/02/2026;Aguardando emissão NF;10;;;Sim;Hoje, dia 27.4, o comprador cobrou o fornecedor, pedido já tem NF;16426739170
Victor L. Lopes;Victor L. Lopes;16426739;180;4500779259;LUVA SEG PA PT TAM XG;03/02/2026;Aguardando emissão NF;15;;;Sim;Hoje, dia 27.4, o comprador cobrou o fornecedor, pedido já tem NF;16426739180
Victor L. Lopes;Victor L. Lopes;16426739;190;4500779259;LUVA SEG PA PT TAM XXG;03/02/2026;Aguardando emissão NF;10;Não;Não;Sim;O fabricante não fabrica este tamanho;16426739190
(vazio);Diego Rocha;16448022;10;(vazio);MALA FERRAMENTA 16POL TECIDO;27/05/2026;Cotação - em Negociação;16;#N/D;#N/D;#N/D;#N/D;1644802210
André Queiroz;André Queiroz;16428381;10;4500750655;MARCADOR IND 2MM AMARELA TB 60ML;10/02/2026;Escrituração Realizada;3;SIm;SIm;;;1642838110
André Queiroz;André Queiroz;16430051;10;4500751393;MASSA PLAST PAST CZ LT 400GR;20/02/2026;Escrituração Realizada;10;;;;;1643005110
Beatriz Serafim;Beatriz Serafim;16421260;10;4500716344;MASSA PLAST PAST CZ LT 400GR;02/01/2026;Escrituração Realizada;10;SIm;SIm;;;1642126010
Edney Jean;(vazio);16439134;20;4500814599;MEGOMETRO PORTATIL 1000V;13/04/2026;Aguardando emissão NF;1;;;;;1643913420
Edney Jean;(vazio);16439134;10;4500814579;MEGOMETRO PORTATIL MINIPA MI-2552;13/04/2026;Aguardando emissão NF;1;;;;;1643913410
(vazio);Diego Rocha;16432776;30;(vazio);MICRO OLEO DESENGRIPANTE AEROSSOL 300ML;09/03/2026;Cotação - em Negociação;15;;;;;1643277630
Joaz Souza;Joaz Souza;16429923;20;4500771313;PARAFUSADEIRA ELETR IMPAC A BATERIA 40V;20/02/2026;Aguardando emissão NF;1;;;;;1642992320
Edney Jean;(vazio);16429923;10;4500760393;PARAFUSADEIRA FURADEIRA 110/220V;20/02/2026;Aguardando emissão NF;1;;;;;1642992310
Jocilene Ramos;Jocilene Ramos;16432794;20;4500779173;PILHA RECAREG 1,2V AA 4UN;09/03/2026;Escrituração Realizada;5;Sim;Sim;Sim;;1643279420
(vazio);(vazio);16425056;50;(vazio);PLUG 3P+T 63A 380/440V VM IP67;23/01/2026;Requisição - Item Concluído;10;;;;;1642505650
(vazio);(vazio);16438863;50;(vazio);PLUG 3P+T 63A 380/440V VM IP67;10/04/2026;Cotação a agregar;10;;;;;1643886350
(vazio);(vazio);16425056;70;(vazio);PLUGUE ENERGIA PA AZ MACHO 3P+T 32A;23/01/2026;Requisição - Item Concluído;5;;;;;1642505670
(vazio);(vazio);16438863;60;(vazio);PLUGUE ENERGIA PA AZ MACHO 3P+T 32A;10/04/2026;Cotação a agregar;10;;;;;1643886360
Marcilene Carvalho;Marcilene Carvalho;16404745;110;4500621638;PORCA AC 1020 1/2POL;22/09/2025;Escrituração Realizada;50;;;;;16404745110
Marcilene Carvalho;Marcilene Carvalho;16404745;120;4500621638;PORCA AC 1020 3/4POL;22/09/2025;Escrituração Realizada;100;;;;;16404745120
Marcilene Carvalho;Marcilene Carvalho;16404745;130;4500621638;PORCA AC 1020 5/16POL;22/09/2025;Escrituração Realizada;100;;;;;16404745130
Marcilene Carvalho;Marcilene Carvalho;16404745;140;4500621638;PORCA SEXT AC 1020 1POL;22/09/2025;Escrituração Realizada;50;;;;;16404745140
(vazio);Edson Sanchez;16428381;40;(vazio);RELE NIVEL 220V CA 5A 60HZ 250V;10/02/2026;Requisição - Item Concluído;15;;;;;1642838140
Edney Jean;(vazio);16428381;50;4500737715;RELE NIVEL INF SUP 220/380V 50/60HZ IP20;10/02/2026;Escrituração Realizada;15;SIm;SIm;;;1642838150
Victor L. Lopes;Victor L. Lopes;16430051;30;4500792326;RELE TEMP RETARDO ENERGIZ 0,5A30MIN 110V;20/02/2026;Aguardando emissão NF;15;;;;;1643005130
Edney Jean;(vazio);16428381;20;4500740122;RELE TEMPORIZADO TENSAO ALIMENTACAO 100;10/02/2026;Aguardando emissão NF;3;;;;;1642838120
Joaz Souza;Joaz Souza;16426739;10;4500778966;ROLAMENTO ESF RIG 6202-2ZC3 SKF;03/02/2026;Escrituração Realizada;4;Sim;não;Sim;Sem retorno do comprador;1642673910
Joaz Souza;Joaz Souza;16426739;20;4500778966;ROLAMENTO ESF RIG 6203Z SKF;03/02/2026;Escrituração Realizada;4;Sim;não;Sim;Sem retorno do comprador;1642673920
Marcilene Carvalho;Marcilene Carvalho;16404745;20;4500620544;ROLAMENTO ESF RIG 6203ZZ B EEMS NSK;22/09/2025;Escrituração Final Realizada;3;;;;;1640474520
Joaz Souza;Joaz Souza;16426739;30;4500778966;ROLAMENTO ESF RIG 6204-2Z SKF;03/02/2026;Escrituração Realizada;4;Sim;não;Sim;Sem retorno do comprador;1642673930
Joaz Souza;Joaz Souza;16426739;50;4500778966;ROLAMENTO ESF RIG 6206 SKF;03/02/2026;Escrituração Realizada;5;Sim;não;Sim;Sem retorno do comprador;1642673950
Joaz Souza;Joaz Souza;16426739;60;4500778966;ROLAMENTO ESF RIG 6207-2Z/C3 SKF;03/02/2026;Escrituração Realizada;5;Sim;não;Sim;Sem retorno do comprador;1642673960
Joaz Souza;Joaz Souza;16426739;130;4500778966;ROLAMENTO ESF RIG 6208-2Z SKF;03/02/2026;Escrituração Realizada;10;Sim;não;Sim;Sem retorno do comprador;16426739130
Joaz Souza;Joaz Souza;16425056;40;4500779915;ROLAMENTO ESF RIG 6209 ZZ C3 SKF;23/01/2026;Aguardando emissão NF;15;;;Sim;Sem retorno do comprador;1642505640
Marcilene Carvalho;Marcilene Carvalho;16401510;40;4500598336;ROLAMENTO ESF RIG 6209 ZZ C3 SKF;02/09/2025;Aguardando emissão NF;6;;;;;1640151040
Joaz Souza;Joaz Souza;16426739;70;4500778966;ROLAMENTO ESF RIG 6211ZC3 SKF;03/02/2026;Aguardando emissão NF;8;;;Sim;Sem retorno do comprador;1642673970
Joaz Souza;Joaz Souza;16426739;140;4500778966;ROLAMENTO ESF RIG 6212C3 SKF;03/02/2026;Escrituração Realizada;4;Sim;;Sim;Sem retorno do comprador;16426739140
Marcilene Carvalho;Marcilene Carvalho;16404745;10;4500620544;ROLAMENTO ESF RIG 6213ZC3 NSK;22/09/2025;Escrituração Final Realizada;6;;;;;1640474510
Joaz Souza;Joaz Souza;16426739;80;4500778966;ROLAMENTO ESF RIG 6307-2Z SKF;03/02/2026;Escrituração Realizada;10;Sim;;Sim;Sem retorno do comprador;1642673980
Joaz Souza;Joaz Souza;16425056;30;4500779915;ROLAMENTO ESF RIG 6309-2Z/C3 SKF;23/01/2026;Aguardando emissão NF;15;;;Sim;Sem retorno do comprador;1642505630
Marcilene Carvalho;Marcilene Carvalho;16401510;30;4500598336;ROLAMENTO ESF RIG 6309-2Z/C3 SKF;02/09/2025;Aguardando emissão NF;6;;;;;1640151030
Joaz Souza;Joaz Souza;16426739;90;4500778966;ROLAMENTO ESF RIG 6310-2Z/C3 SKF;03/02/2026;Escrituração Realizada;4;Sim;não;Sim;Sem retorno do comprador;1642673990
Joaz Souza;Joaz Souza;16426739;100;4500778966;ROLAMENTO ESF RIG 6311ZZC3 FAG;03/02/2026;Escrituração Realizada;4;Sim;não;Sim;Sem retorno do comprador;16426739100
Joaz Souza;Joaz Souza;16432794;50;4500836232;ROLAMENTO ESF RIG 6312-ZZ SKF;09/03/2026;Aguardando emissão NF;6;;;;;1643279450
Joaz Souza;Joaz Souza;16426739;110;4500778966;ROLAMENTO ESF RIG 6314 Z C3;03/02/2026;Escrituração Realizada;4;Sim;não;Sim;Sem retorno do comprador;16426739110
Joaz Souza;Joaz Souza;16432794;40;4500836232;ROLAMENTO RIG ESF RAD 6411 C3;09/03/2026;Aguardando emissão NF;6;;;;;1643279440
Gislene Rodrigues;Gislene Rodrigues;16405989;10;4500633639;ROTULADOR ELETRON AUTOM 230DPI 7,5MM/S;30/09/2025;Escrituração Realizada;1;SIm;SIm;;;1640598910
(vazio);Diego Rocha;16442320;30;(vazio);SACA GAXETA FLEX INTERC 11,1MM 280MM;29/04/2026;Cotação - em Negociação;10;;;;;1644232030
Joaz Souza;Joaz Souza;16426739;250;4500804285;SELO MECANICO 21 D1.3/8;03/02/2026;Escrituração Realizada;7;SIm;;;;16426739250
Joaz Souza;Joaz Souza;16429989;180;4500805703;SELO MECANICO 21 D1.3/8;20/02/2026;Escrituração Realizada;7;SIm;;;;16429989180
Joaz Souza;Joaz Souza;16426739;230;4500804285;SELO MECANICO TS-P 1.1/4POL;03/02/2026;Escrituração Realizada;10;SIm;;;;16426739230
Joaz Souza;Joaz Souza;16429989;160;4500805703;SELO MECANICO TS-P 1.1/4POL;20/02/2026;Escrituração Realizada;20;SIm;;;;16429989160
Marcilene Carvalho;Marcilene Carvalho;16401860;10;4500600032;SELO MECANICO TS-P 1.1/4POL;04/09/2025;Escrituração Realizada;10;SIm;SIm;;;1640186010
Joaz Souza;Joaz Souza;16426739;240;4500804285;SELO MECANICO TS-P 1.3/4POL;03/02/2026;Escrituração Realizada;10;SIm;;;;16426739240
Joaz Souza;Joaz Souza;16429989;170;4500805703;SELO MECANICO TS-P 1.3/4POL;20/02/2026;Escrituração Realizada;20;SIm;;;;16429989170
Marcilene Carvalho;Marcilene Carvalho;16401860;20;4500600032;SELO MECANICO TS-P 1.3/4POL;04/09/2025;Escrituração Realizada;10;SIm;SIm;;;1640186020
Joaz Souza;Joaz Souza;16426739;260;4500804285;SELO MECANICO TS-P 3/4POL;03/02/2026;Escrituração Realizada;5;SIm;;;;16426739260
(vazio);Fernando Gonçalo;16432776;10;(vazio);SILICONE ACETICO ALTA TEMP VM 280G;09/03/2026;Cotação - em Negociação;4;;;;;1643277610
Natasha Amancio;(vazio);16425056;60;4500726918;TOMADA ELETRICA 220V 32A 3P+T;23/01/2026;Escrituração Realizada;5;SIm;SIm;;;1642505660
(vazio);(vazio);16444659;20;(vazio);TORQUIMETRO ESTALO 1/2POL 10-60NM;08/05/2026;Cotação a agregar;2;#N/D;#N/D;#N/D;#N/D;1644465920
(vazio);(vazio);16444659;10;(vazio);TORQUIMETRO ESTALO 3/8POL 10-60NM;08/05/2026;Cotação a agregar;2;#N/D;#N/D;#N/D;#N/D;1644465910
(vazio);(vazio);16407867;40;(vazio);VALVULA RET DUPLA FOFO WAF D100 16BAR;10/10/2025;Requisição - Item Eliminado;6;;;;;1640786740
Edney Jean;(vazio);16407867;50;4500640315;VALVULA RET DUPLA FOFO WAF D200 150;10/10/2025;Escrituração Realizada;4;;;;;1640786750
(vazio);(vazio);16407867;10;(vazio);VALVULA RET DUPLA FOFO WAF D50 16BAR;10/10/2025;Requisição - Item Eliminado;10;;;;;1640786710
(vazio);(vazio);16407867;30;(vazio);VALVULA RET DUPLA FOFO WAF D65 16BAR;10/10/2025;Requisição - Item Concluído;2;;;;;1640786730
(vazio);(vazio);16407867;20;(vazio);VALVULA RET HOR UNICA BZ BSP D2 PN16;10/10/2025;Requisição - Item Eliminado;10;;;;;1640786720
;;;;;;;;;;;;;
;;;;;;;;;;;;;
;;;;;;;;;;;;;
;;;;;;;;;;;;;
;;;;;;;;;;;;;
;;;;;;;;;;;;;
;;;;;;;;;;;;;
;;;;;;;;;;;;;
;;;;;;;;;;;;;
